{
  "NB": {
    "accuracy": 0.6219607843137255,
    "f1_macro": 0.6129555637223584
  },
  "BERT_Proxy": {
    "accuracy": 0.6227450980392157,
    "f1_macro": 0.6147638264663223
  }
}